RADIO VATICANO (ROMA),https://radio.vaticannews.va/stream-pt
RADIO NACIONAL (BRASILIA - DF),https://radionacionalbrasilia-stream.ebc.com.br/index.m3u8
RADIO NACIONAL (RIO DE JANEIRO - RJ),https://radionacionalrio-stream.ebc.com.br/index.m3u8
RADIO NACIONAL (AMAZONHAS - AM),https://radionacionalamazonia-stream.ebc.com.br/index.m3u8
NACIONAL FM (BRAZIL),https://radionacionalfm-stream.ebc.com.br/index.m3u8
RADIO MEC (BRAZIL),https://radiomec-stream.ebc.com.br/index.m3u8
MEC FM (BRAZIL),https://radiomecfm-stream.ebc.com.br/index.m3u8
LIBERAL FM (BELEM - PA),http://177.105.192.70:9750/liberalfm.mp3
LIBERAL FM (CASTANHAL - PA),http://177.105.192.70:9401/rdfmcastanhal.mp3
LIBMUSIC (BELEM - PA),https://s09.maxcast.com.br:8122/live
ITAMARATY (PIRIPIRI - PI),http://05.stmip.net:9256/
RADIO CIDADE DE PIRIPIRI (PIRIPIRI - PI),http://sv11.hdradios.net:8118/stream
FM FAMILIA (PIRIPIRI - PI),http://109.169.76.155:29790/
R√ÅDIO CIDADE VERDE (TERESINA - PI),https://ssl3.transmissaodigital.com:2074/
